id;srcsyscustid;itxid;name;midname;surname;birthdate;commtitle;addresstype;address;city;nationality;nationalid;gender;createdt;updatedt;createusr;updateusr;wfstate;wfprocid;idtype_1;idno_1;idtype_2;idno_2;idtype_3;idno_3
1;open-source Reactive Electronics;60192;synergize Pants;schemas;Wyoming;2020-11-06;neural haptic regional;cutting-edge Haven artificial intelligence;redundant communities Developer;Jacquesview;Small;Washington;synthesizing;2020-11-06T04:59:46;2020-11-06T03:45:21;7829;81723;disintermediate Progressive;18231;PASAPORT;Groves e-markets Toys;EHLIYET;Bike;NUFUSCUZDAN;input multi-state
2;Montana Investment Account;93030;Garden Incredible Cotton Gloves;Communications;Union Lempira Home Loan Account;2020-11-05;Handcrafted Brand Comoros;quantifying Generic Wooden Mouse Borders;Tactics Small Concrete Chips;West Denahaven;Congo navigating payment;Investor;Rustic Metal Computer Berkshire Point;2020-11-05T23:04:18;2020-11-05T15:26:00;97938;89759;grow New Leu programming;59344;GOCMENSERT;copying Engineer;GOCMENSERT;Berkshire analyzer multi-tasking;EHLIYET;Bahamas
3;lime Avon;58418;Savings Account;Netherlands Antilles;neural;2020-11-06;Ohio Markets Bolivar Fuerte;primary;synthesize Functionality;South Etha;optical Small Soft Chair;Baby interfaces;violet bypassing optimize;2020-11-06T03:35:53;2020-11-05T22:12:08;13009;92502;Kyat Kyat;99191;DIGER;redundant Global;EHLIYET;Data;NUFUSCUZDAN;Bahamian Dollar cross-platform
4;intranet;46366;payment;Guam;application Administrator withdrawal;2020-11-05;functionalities;application;1080p integrate;West Elton;strategic Refined Money Market Account;Macedonia grey dot-com;payment approach Bedfordshire;2020-11-05T14:52:42;2020-11-06T09:47:49;71483;33411;Outdoors middleware Handcrafted Metal Mouse;68368;EHLIYET;transform;DIGER;Refined Wooden Pants cross-platform District;NUFUSCUZDAN;Plastic
5;Lead;83712;Bedfordshire transparent;product Fresh Utah;interfaces;2020-11-06;invoice;Barbados;Ergonomic Soft Cheese Berkshire;South Furman;Bedfordshire;Tasty;Trace;2020-11-05T20:58:47;2020-11-05T16:15:08;23017;66286;Toys RAM architectures;2670;DOGUMSERT;Forge;GOCMENSERT;Berkshire bus;GOCMENSERT;Expanded Berkshire Specialist
6;Plastic Azerbaijan connect;42085;AGP Handcrafted Wooden Tuna payment;withdrawal;virtual Hill Bedfordshire;2020-11-05;Libyan Arab Jamahiriya XSS Garden;Handmade Handcrafted Plastic Bike;auxiliary Samoa Chicken;Vonstad;Usability Angola Lead;green transmit implementation;Orchestrator;2020-11-06T01:18:03;2020-11-05T12:36:18;72686;43430;Shoes;40480;PASAPORT;Metal Credit Card Account Metal;DIGER;Arkansas;DIGER;Nakfa
7;methodical;77701;Grenada;Mouse Cliffs;purple optical emulation;2020-11-06;bypass;Home Loan Account;systemic;North Olin;salmon;Grocery;Balanced connect;2020-11-06T09:02:13;2020-11-06T11:57:41;18251;8508;Personal Loan Account;34424;PASAPORT;Implementation deliverables magnetic;EHLIYET;Vatu;DOGUMSERT;system plum Credit Card Account
8;Customer Planner Principal;5278;SDD Unbranded Fish;Fish withdrawal;interface Frozen;2020-11-05;deposit;AI Small bandwidth;Garden;Goldaport;policy;bypass mission-critical Fish;Car Directives quantifying;2020-11-05T18:01:33;2020-11-06T11:04:15;73384;13022;Optimized;43634;EHLIYET;copy Bedfordshire Ukraine;PASAPORT;Mali Practical Fresh Towels Human;EHLIYET;Fresh Fantastic
9;Investment Account;55558;invoice Morocco bluetooth;feed deposit EXE;deliverables value-added;2020-11-06;Maine;Tunnel Creative CSS;approach back-end Forward;New Ed;zero tolerance;Montana;Multi-channelled;2020-11-05T17:12:58;2020-11-05T19:39:42;29001;22978;Republic of Korea;40970;DIGER;Tuna Bacon Licensed Metal Cheese;PASAPORT;Functionality mint green;EHLIYET;parsing throughput Synergized
10;Greece payment Stravenue;24986;Small;Avon Health Denmark;Jewelery;2020-11-06;lavender orange;Chile blue;plum installation;Lynchview;Cape Verde Escudo payment;productivity Soft;Haven;2020-11-05T21:05:41;2020-11-05T23:21:14;93332;5265;Fish Handmade Granite Shirt Generic Steel Gloves;34263;DIGER;Armenia customized;GOCMENSERT;Architect;GOCMENSERT;Ireland Brazil Games
