id;memid;matchtime;matchmtdmsg;matchctxdata
1;14620;2020-11-05T23:06:21;Berkshire teal;convergence hacking target
2;62443;2020-11-06T12:34:16;scalable back up;Honduras back-end
3;51515;2020-11-05T19:31:33;Handmade content innovate;Customer Synergized Car
4;97442;2020-11-05T13:19:43;Managed empower Tasty;Croatia
5;71335;2020-11-05T20:02:30;Executive hard drive;Mauritius Rupee
6;45240;2020-11-05T17:10:41;District;infrastructure
7;16654;2020-11-05T17:07:20;Intelligent;North Korean Won reciprocal channels
8;18081;2020-11-06T00:13:31;Buckinghamshire;Radial experiences
9;26974;2020-11-06T04:12:55;compelling systems Supervisor;Savings Account
10;78951;2020-11-05T20:00:00;Handcrafted reintermediate Central;Officer Developer Checking Account
