id;wlmid;name;applyonwlfields
1;86611;purple withdrawal drive;Strategist Movies Fresh
2;82382;Supervisor bleeding-edge Sleek;global
3;44784;Down-sized JSON Buckinghamshire;SCSI Factors
4;71900;Borders primary Garden;Handmade Fresh Chips
5;64659;Jewelery system-worthy El Salvador Colon US Dollar;synthesize Ergonomic
6;80202;calculate invoice Colorado;Global
7;11201;Home Loan Account transmit Cloned;Associate regional
8;59182;mindshare;optical leading-edge Ergonomic Concrete Chicken
9;5402;overriding;GB
10;30677;Manager;invoice redundant
